n_grads,mean_grad_norm,std_grad_norm
5000,0.6555360785542779,0.12926404502588165
5000,0.7461497254136817,0.14485849903825823
5000,0.812378634626526,0.1500647321386058
5000,1.0053829768839955,0.17224850253754054
5000,0.8350061296159617,0.1482385126240223
