n_grads,mean_grad_norm,std_grad_norm
5000,0.9355372959418197,0.15930666873094726
5000,1.0846575066225346,0.18467568549515812
