n_grads,mean_grad_norm,std_grad_norm
5000,0.8356012303326795,0.323025475044473
5000,1.077983689379174,0.6187617278903955
5000,0.7389773844427006,0.401043828561151
5000,0.7995309192061177,0.3080717663698593
5000,0.7845325374427081,0.30359893239199587
5000,0.9997703936313105,0.4237934394225333
5000,0.6817614551174778,0.2926876109175633
5000,0.7755127966928586,0.39571553520448755
