n_grads,mean_grad_norm,std_grad_norm
5000,1.1251601024633324,1.1117520357145256
