n_grads,mean_grad_norm,std_grad_norm
5000,2.009955457636585,0.35766971365073985
5000,1.815545913325956,0.3026475043348301
5000,1.3536973018843865,0.23656836226380562
5000,1.2661298093977418,0.22841121790589472
5000,1.1845979744670156,0.2244927641626856
5000,1.5229285069996068,0.2722981700774827
5000,1.2066223379206626,0.21118415288809547
5000,1.507462071513534,0.2559458819617073
5000,1.6623198710549658,0.29902288035577873
5000,1.4256003006784554,0.2530854366241517
