n_grads,mean_grad_norm,std_grad_norm
5000,1.9910753089903213,0.3426576639207783
5000,1.650908277990084,0.277117043437543
5000,1.8111851226659768,0.2966051875485272
5000,1.492437201133576,0.25015261460932375
5000,1.4961266449554411,0.25432815068548087
5000,1.797482777293133,0.3026184293421552
5000,1.4599084822802888,0.24976767996421462
