n_grads,mean_part,std_part
5000,0.005783978939056396,0.3667798878945297
5000,-0.0003530641794204712,0.3333407453009209
5000,0.0014112874507904052,0.3333452288829963
5000,-0.0011245972871780396,0.38018764117796994
5000,-0.00897245786190033,0.45002313309385517
5000,0.006666906785964966,0.3572242396062262
5000,-0.002022611927986145,0.3567358930641573
5000,0.0008137624263763428,0.3638780671165319
5000,0.010059937405586243,0.3541630306712835
