n_grads,mean_grad_norm,std_grad_norm
5000,0.8729897881610345,0.1949985688168919
5000,0.7213667340839749,0.17269347423406853
5000,0.6754748787217187,0.15029921496506982
5000,1.1152323124682757,0.2187723844587121
5000,0.8012366523492739,0.1852120992864219
5000,1.3857907562935399,0.282108565937108
5000,0.8447103384759772,0.1760213520017866
5000,0.8018154953251913,0.1892863395127016
