n_grads,n_iter,mean_mean_grad_norm,mean_std_grad_norm
100,10.0,0.5561661241852709,0.36932126917784613
1000,5.0,0.5285418359646326,0.3319225272905132
