n_grads,n_iter,mean_mean_grad_norm,mean_std_grad_norm
100,10.0,0.9794311034763796,0.4814255667120362
1000,5.0,0.7778607638597947,0.3603291284723907
