n_grads,n_iter,mean_mean_grad_norm,mean_std_grad_norm
100,10.0,1.1100132163757332,0.5750367516720585
1000,5.0,1.3422881434701106,0.6818262707428254
