n_grads,n_iter,mean_mean_grad_norm,mean_std_grad_norm
100,10.0,0.7413490227304661,0.5016576334578098
1000,5.0,0.8081416670964359,0.4804924981269104
