n_grads,n_iter,mean_mean_grad_norm,mean_std_grad_norm
100,10.0,1.3683275556778145,0.7181707507273342
1000,5.0,1.202160297735859,0.6222623598946413
