n_grads,n_iter,mean_mean_grad_norm,mean_std_grad_norm
100,10.0,0.9295814665955755,0.6199420974940588
1000,5.0,0.8253169917189631,0.5779657878782954
