n_grads,n_iter,mean_mean_grad_norm,mean_std_grad_norm
100,10.0,0.9459555655265758,0.6547305367820012
1000,5.0,0.7449677236951381,0.5457331856698577
