n_grads,n_iter,mean_mean_grad_norm,mean_std_grad_norm
100,10.0,1.3798278295569102,0.7484645762885754
1000,5.0,1.353138790535575,0.7860755926772597
