n_grads,mean_grad_norm,std_grad_norm
5000,1.7170481167225284,0.2856484072873009
5000,1.6630571127440401,0.24055136338025734
5000,1.442360660262754,0.21731664622713778
5000,5.879622471617311,0.9143792186776566
